INSERT INTO department VALUES
    (1,'ADMIN'),
    (2,'ARRIVED'),
    (3,'BOWER''S + KOBUTA'),
    (4,'CUSTOMER SERVICE CENTER'),
    (5,'HOLDINGS'),
    (6,'HPM'),
    (7,'IT');

INSERT INTO position VALUES
    (1,'Accountant'),
    (2,'Accounting Manager'),
    (3,'Accounting Specialist'),
    (4,'Admin Assistant'),
    (5,'Asst. Specs Writer/E'),
    (6,'Client Services Senior Associate'),
    (7,'Client Services Associate'),
    (8,'Client Services Associate - Voice'),
    (9,'Cost Estimator'),
    (10,'Deputy Project Manager'),
    (11,'EA to VP of Operation'),
    (12,'IT Administrator'),
    (13,'IT Support Specialist'),
    (14,'Loan Specialist'),
    (15,'Operation Support Specialist'),
    (16,'Project Architect'),
    (17,'QA/QC Manager'),
    (18,'Regulatory Compliance'),
    (19,'Client Services Associate - Reservations'),
    (20,'Senior Civil Engineer'),
    (21,'Team Leader Civil Engineer'),
    (22,'Junior Civil Engineer');

INSERT INTO `employees` (`idno`,`employee_id`, `lastname`, `firstname`, `created_on`, `department_id`, `position_id`, `address`, `contact_info`, `password`) VALUES
    (1,'MNL019002','MEDINA','CARL JUDGE','2019-05-14',4,NULL,NULL,'cmedina@xpeditellc.com','$2y$10$fCOiMky4n5hCJx3cpsG20Od4wHtlkCLKmO6VLobJNRIg9ooHTkgjK'),
    (2,'MNL019003','RAGUTANA','REMEDIOS','2019-05-14',5,2,NULL,'remy@arrivednow.com','$2y$10$fCOiMky4n5hCJx3cpsG20Od4wHtlkCLKmO6VLobJNRIg9ooHTkgjK'),
    (3,'MNL019004','LIMON','RAFFY','2019-05-14',7,12,NULL,'rlimon@xpeditellc.com','$2y$10$fCOiMky4n5hCJx3cpsG20Od4wHtlkCLKmO6VLobJNRIg9ooHTkgjK'),
    (4,'MNL019005','GENERILLO','JOSHUA','2019-05-14',1,18,NULL,'jgenerillo@xpeditellc.com','$2y$10$fCOiMky4n5hCJx3cpsG20Od4wHtlkCLKmO6VLobJNRIg9ooHTkgjK'),
    (5,'MNL019006','CASTILLO','IVY-JOSELL','2019-05-14',4,15,'Palac Palac Victoria ',NULL,'$2y$10$fCOiMky4n5hCJx3cpsG20Od4wHtlkCLKmO6VLobJNRIg9ooHTkgjK'),
    (6,'MNL019007','SENSON','LUISITO','2019-05-14',3,10,'Blk.39 Lot 11 City Homes Resort Ville Su','lsenson@xpeditellc.com','$2y$10$fCOiMky4n5hCJx3cpsG20Od4wHtlkCLKmO6VLobJNRIg9ooHTkgjK'),
    (7,'MNL019008','DALAS','PAUL JEREMIAH','2019-05-14',4,14,NULL,'pdalas@honpm.com','$2y$10$fCOiMky4n5hCJx3cpsG20Od4wHtlkCLKmO6VLobJNRIg9ooHTkgjK'),
    (8,'MNL019009','DALAS','AIZA','2019-05-14',4,15,NULL,'adalas@honpm.com','$2y$10$fCOiMky4n5hCJx3cpsG20Od4wHtlkCLKmO6VLobJNRIg9ooHTkgjK'),
    (9,'MNL019010','BANAGBANAG','JECILY','2019-05-14',1,1,NULL,'jbanagbanag@xpeditellc.com','$2y$10$fCOiMky4n5hCJx3cpsG20Od4wHtlkCLKmO6VLobJNRIg9ooHTkgjK'),
    (10,'MNL019011','ACOB','SILVESTRE','2019-05-14',7,13,'#25 Purok 6 Brgy. Caliguian','sacob@xpeditellc.com','$2y$10$fCOiMky4n5hCJx3cpsG20Od4wHtlkCLKmO6VLobJNRIg9ooHTkgjK'),
    (11,'MNL019012','CAMBEL','JOHN MAR','2019-05-14',7,13,NULL,'jcambel@xpeditellc.com','$2y$10$fCOiMky4n5hCJx3cpsG20Od4wHtlkCLKmO6VLobJNRIg9ooHTkgjK'),
    (12,'MNL019013','HERNANDEZ','FELYROSE','2019-05-14',4,6,'065 San Juan Ma. Kahoy Cerca, Indang, Cavite',NULL,'$2y$10$fCOiMky4n5hCJx3cpsG20Od4wHtlkCLKmO6VLobJNRIg9ooHTkgjK'),
    (13,'MNL019014','ESCALADA','CORITHA','2019-05-14',4,7,'B2 L19 St. Francis V. Canlalay, Biñan, Laguna','cescalada@xpeditellc.com','$2y$10$fCOiMky4n5hCJx3cpsG20Od4wHtlkCLKmO6VLobJNRIg9ooHTkgjK'),
    (14,'MNL019015','SERRANO','ANNALIZA','2019-05-14',4,7,NULL,'aserrano@xpeditellc.com','$2y$10$fCOiMky4n5hCJx3cpsG20Od4wHtlkCLKmO6VLobJNRIg9ooHTkgjK'),
    (15,'MNL019016','GONZALVO','REBECCA IRENE MARIE','2019-05-14',4,8,'1262 C.Francisco St. Bry. Kasilawan, Makati City','rgonzalvo@xpeditellc.com','$2y$10$fCOiMky4n5hCJx3cpsG20Od4wHtlkCLKmO6VLobJNRIg9ooHTkgjK'),
    (16,'MNL019017','DELA CRUZ','HELEN','2019-05-14',4,8,'90Rosal St. Bergado Cmpd. Summitville 2 Brgy. Putatan , Muntinlupa City','hdelacruz@xpeditellc.com','$2y$10$fCOiMky4n5hCJx3cpsG20Od4wHtlkCLKmO6VLobJNRIg9ooHTkgjK'),
    (17,'MNL019018','GIL','JOSEPH','2019-05-14',4,6,'2321 Nickel St. San Andres Bukid ,Manila','jgil@xpeditellc.com','$2y$10$fCOiMky4n5hCJx3cpsG20Od4wHtlkCLKmO6VLobJNRIg9ooHTkgjK'),
    (18,'MNL019019','RACELIS','RONALYN','2019-05-14',4,NULL,NULL,'rracelis@xpeditellc.com','$2y$10$fCOiMky4n5hCJx3cpsG20Od4wHtlkCLKmO6VLobJNRIg9ooHTkgjK'),
    (19,'MNL019020','LACSAMANA','RAFAEL','2019-05-14',4,6,NULL,'rlacsamana@xpeditellc.com','$2y$10$fCOiMky4n5hCJx3cpsG20Od4wHtlkCLKmO6VLobJNRIg9ooHTkgjK'),
    (20,'MNL019021','ALHAMBRA','NOEMI','2019-05-14',4,NULL,NULL,'nalhambra@xpeditellc.com','$2y$10$fCOiMky4n5hCJx3cpsG20Od4wHtlkCLKmO6VLobJNRIg9ooHTkgjK'),
    (21,'MNL019022','BALOJA','CHRISTIAN','2019-05-14',4,6,'556 Magallanes Cor. Real St., Intramuros, Manila','cbaloja@xpeditellc.com','$2y$10$fCOiMky4n5hCJx3cpsG20Od4wHtlkCLKmO6VLobJNRIg9ooHTkgjK'),
    (22,'MNL019023','BATIS','MARY JANE','2019-05-14',4,6,'63 A. San Vicente St., San Pedro, Laguna','mbatis@xpeditellc.com','$2y$10$fCOiMky4n5hCJx3cpsG20Od4wHtlkCLKmO6VLobJNRIg9ooHTkgjK'),
    (23,'MNL019024','CASIMIRO','CRISELLE','2019-05-14',4,NULL,NULL,NULL,'$2y$10$fCOiMky4n5hCJx3cpsG20Od4wHtlkCLKmO6VLobJNRIg9ooHTkgjK'),
    (24,'MNL019025','JOYAS','ROY','2019-05-14',4,8,NULL,'rjoyas@xpeditellc.com','$2y$10$fCOiMky4n5hCJx3cpsG20Od4wHtlkCLKmO6VLobJNRIg9ooHTkgjK'),
    (25,'MNL019026','LUNARIA','ANNALIE','2019-05-14',4,NULL,NULL,'alunaria@xpeditellc.com','$2y$10$fCOiMky4n5hCJx3cpsG20Od4wHtlkCLKmO6VLobJNRIg9ooHTkgjK'),
    (26,'MNL019027','MARQUEZ','JILL SHANE','2019-05-14',4,8,NULL,'jmarquez@xpeditellc.com','$2y$10$fCOiMky4n5hCJx3cpsG20Od4wHtlkCLKmO6VLobJNRIg9ooHTkgjK'),
    (27,'MNL019028','ORTIZ','FRANCIS','2019-05-14',4,8,NULL,'fortiz@xpeditellc.com','$2y$10$fCOiMky4n5hCJx3cpsG20Od4wHtlkCLKmO6VLobJNRIg9ooHTkgjK'),
    (28,'MNL019029','ROBLE','CAMILLE','2019-05-14',4,7,NULL,'croble@xpeditellc.com','$2y$10$fCOiMky4n5hCJx3cpsG20Od4wHtlkCLKmO6VLobJNRIg9ooHTkgjK'),
    (29,'MNL019030','SEMBRANO','LOUIS ALBERT','2019-05-14',4,6,NULL,'lsembrano@xpeditellc.com','$2y$10$fCOiMky4n5hCJx3cpsG20Od4wHtlkCLKmO6VLobJNRIg9ooHTkgjK'),
    (30,'MNL019031','SUIZO','RHONNA','2019-05-14',4,6,NULL,'rsuizo@xpeditellc.com','$2y$10$fCOiMky4n5hCJx3cpsG20Od4wHtlkCLKmO6VLobJNRIg9ooHTkgjK'),
    (31,'MNL019032','BARTOLOME','CRISTOPHER','2019-05-14',5,NULL,NULL,'cbartolome@hhlholdings.com','$2y$10$fCOiMky4n5hCJx3cpsG20Od4wHtlkCLKmO6VLobJNRIg9ooHTkgjK'),
    (32,'MNL019033','AMO','RAY CHRISTOPHER','2019-05-14',4,NULL,NULL,'ramo@xpeditellc.com','$2y$10$fCOiMky4n5hCJx3cpsG20Od4wHtlkCLKmO6VLobJNRIg9ooHTkgjK'),
    (33,'MNL019034','ELLAMIL','ROY','2019-05-14',3,21,'281-Pineda St. San Jose','rellamil@xpeditellc.com','$2y$10$fCOiMky4n5hCJx3cpsG20Od4wHtlkCLKmO6VLobJNRIg9ooHTkgjK'),
    (34,'MNL019035','GARVIDA','RAINIER JUNELL','2019-05-14',3,22,NULL,'rgarvida@xpeditellc.com','$2y$10$fCOiMky4n5hCJx3cpsG20Od4wHtlkCLKmO6VLobJNRIg9ooHTkgjK'),
    (35,'MNL019036','LABE','RUFINO','2019-05-14',1,4,'Blk. 2 Lot 2 Hanoi St.B.F.Home',NULL,'$2y$10$fCOiMky4n5hCJx3cpsG20Od4wHtlkCLKmO6VLobJNRIg9ooHTkgjK'),
    (36,'MNL019037','LAURIAGA','MARLON','2019-05-14',3,20,'272 Caanawan','mlauriaga@xpeditellc.com','$2y$10$fCOiMky4n5hCJx3cpsG20Od4wHtlkCLKmO6VLobJNRIg9ooHTkgjK'),
    (37,'MNL019038','PESCASIO','ROGELIO','2019-05-14',3,5,'93 M79 St. Soldiers Village Sta. Lucia','rpescasio@xpeditellc.com','$2y$10$fCOiMky4n5hCJx3cpsG20Od4wHtlkCLKmO6VLobJNRIg9ooHTkgjK'),
    (38,'MNL019039','PUZON','HUBERT','2019-05-14',3,20,'#4 Sto Niño Village','hpuzon@xpeditellc.com','$2y$10$fCOiMky4n5hCJx3cpsG20Od4wHtlkCLKmO6VLobJNRIg9ooHTkgjK'),
    (39,'MNL019040','REYES','MARILOU','2019-05-14',3,21,'115 Del Pilar St.','mreyes@xpeditellc.com','$2y$10$fCOiMky4n5hCJx3cpsG20Od4wHtlkCLKmO6VLobJNRIg9ooHTkgjK'),
    (40,'MNL019041','TAJON','VICTOR','2019-05-14',3,17,'16 Inmamduyan ','vtajon@xpeditellc.com','$2y$10$fCOiMky4n5hCJx3cpsG20Od4wHtlkCLKmO6VLobJNRIg9ooHTkgjK'),
    (41,'MNL019042','ALCANTARA','MARIA CATHRINA','2019-05-14',4,7,NULL,'mcalcantara@xpeditellc.com','$2y$10$fCOiMky4n5hCJx3cpsG20Od4wHtlkCLKmO6VLobJNRIg9ooHTkgjK'),
    (42,'MNL019043','PLATERO','JULI ANN','2019-05-14',4,7,NULL,'japlatero@xpeditellc.com','$2y$10$fCOiMky4n5hCJx3cpsG20Od4wHtlkCLKmO6VLobJNRIg9ooHTkgjK'),
    (43,'MNL019044','TIBAY','ROLF LINTON','2019-05-14',4,8,NULL,'rtibay@xpeditellc.com','$2y$10$fCOiMky4n5hCJx3cpsG20Od4wHtlkCLKmO6VLobJNRIg9ooHTkgjK'),
    (44,'MNL019045','BETOYA','JARED','2019-05-14',4,8,'9D Antique St. Ramon Magsaysay, Quezon City','jbetoya@xpeditellc.com','$2y$10$fCOiMky4n5hCJx3cpsG20Od4wHtlkCLKmO6VLobJNRIg9ooHTkgjK'),
    (45,'MNL019046','FAROLAN','EMIL','2019-05-14',4,8,'9-D Antique St. Bago Bantay, Quezon City','efarolan@xpeditellc.com','$2y$10$fCOiMky4n5hCJx3cpsG20Od4wHtlkCLKmO6VLobJNRIg9ooHTkgjK'),
    (46,'MNL019047','GATCHALIAN','REMLE','2019-05-14',4,8,'74 Liwayway St., Marulas, Valenzuela City','rgatchalian@xpeditellc.com','$2y$10$fCOiMky4n5hCJx3cpsG20Od4wHtlkCLKmO6VLobJNRIg9ooHTkgjK'),
    (47,'MNL019048','JAMERO','MARHARETTE','2019-05-14',4,8,NULL,'mjamero@xpeditellc.com','$2y$10$fCOiMky4n5hCJx3cpsG20Od4wHtlkCLKmO6VLobJNRIg9ooHTkgjK'),
    (48,'MNL019049','TABAMO','JENNIFER','2019-05-14',4,7,NULL,'jtabamo@xpeditellc.com','$2y$10$fCOiMky4n5hCJx3cpsG20Od4wHtlkCLKmO6VLobJNRIg9ooHTkgjK'),
    (49,'MNL019050','ARRIOLA','ALVIN CHESTER','2019-05-14',4,8,NULL,'aarriola@xpeditellc.com','$2y$10$fCOiMky4n5hCJx3cpsG20Od4wHtlkCLKmO6VLobJNRIg9ooHTkgjK'),
    (50,'MNL019051','VALIENTE','MICHAEL JANH','2019-05-14',4,8,NULL,'mjvaliente@xpeditellc.com','$2y$10$fCOiMky4n5hCJx3cpsG20Od4wHtlkCLKmO6VLobJNRIg9ooHTkgjK'),
    (51,'MNL019052','BAMBA','JOEY RAYMOND','2019-05-14',4,8,'AB-401 El Pueblo Condo Anonas St. Sta Mesa, Manila','jbamba@xpeditellc.com','$2y$10$fCOiMky4n5hCJx3cpsG20Od4wHtlkCLKmO6VLobJNRIg9ooHTkgjK'),
    (52,'MNL019053','NOMA','STEEVE EDGAR','2019-05-14',4,8,NULL,'snoma@xpeditellc.com','$2y$10$fCOiMky4n5hCJx3cpsG20Od4wHtlkCLKmO6VLobJNRIg9ooHTkgjK'),
    (53,'MNL019054','REYES','ELIZA','2019-05-14',4,8,NULL,'ereyes@xpeditellc.com','$2y$10$fCOiMky4n5hCJx3cpsG20Od4wHtlkCLKmO6VLobJNRIg9ooHTkgjK'),
    (54,'MNL019055','ZAMORA','CATRINA','2019-05-14',4,8,NULL,'czamora@xpeditellc.com','$2y$10$fCOiMky4n5hCJx3cpsG20Od4wHtlkCLKmO6VLobJNRIg9ooHTkgjK'),
    (55,'MNL019056','MARTINEZ','BRANDO','2019-05-14',4,3,NULL,NULL,'$2y$10$fCOiMky4n5hCJx3cpsG20Od4wHtlkCLKmO6VLobJNRIg9ooHTkgjK'),
    (56,'MNL019057','PUNZALAN','ROXANNE','2019-05-14',4,3,NULL,NULL,'$2y$10$fCOiMky4n5hCJx3cpsG20Od4wHtlkCLKmO6VLobJNRIg9ooHTkgjK'),
    (57,'MNL019058','DISUANCO','IMEE','2019-05-14',2,NULL,NULL,'imee@arrivednow.com','$2y$10$fCOiMky4n5hCJx3cpsG20Od4wHtlkCLKmO6VLobJNRIg9ooHTkgjK'),
    (58,'MNL019059','REBENITO','CYLENE','2019-05-14',2,11,NULL,'cylene@arrivednow.com','$2y$10$fCOiMky4n5hCJx3cpsG20Od4wHtlkCLKmO6VLobJNRIg9ooHTkgjK'),
    (59,'MNL019060','FRAGINAL','ORVILLE','2019-05-14',4,8,NULL,'orville@arrivednow.com','$2y$10$fCOiMky4n5hCJx3cpsG20Od4wHtlkCLKmO6VLobJNRIg9ooHTkgjK'),
    (60,'MNL019061','GREGORY','IRENE','2019-05-14',4,NULL,NULL,'igregory@honpm.com','$2y$10$fCOiMky4n5hCJx3cpsG20Od4wHtlkCLKmO6VLobJNRIg9ooHTkgjK'),
    (61,'MNL019062','FLORES','KRESHA ANNE ','2019-05-14',4,8,NULL,'kflores@xpeditellc.com','$2y$10$fCOiMky4n5hCJx3cpsG20Od4wHtlkCLKmO6VLobJNRIg9ooHTkgjK'),
    (62,'MNL019063','SAN JUAN','SHALEI AMOR','2019-05-29',4,8,'1449 Anacleto St. Sta., Cruz. Manila','ssanjuan@xpeditellc.com','$2y$10$fCOiMky4n5hCJx3cpsG20Od4wHtlkCLKmO6VLobJNRIg9ooHTkgjK'),
    (63,'MNL019064','BELEY','MICHAEL','2019-05-29',4,8,'3 Road 13 Bagong Pag-Asa Quezon City','mbeley@xpeditellc.com','$2y$10$fCOiMky4n5hCJx3cpsG20Od4wHtlkCLKmO6VLobJNRIg9ooHTkgjK'),
    (64,'MNL019065','TRINIDAD','TERESITA','2019-06-13',4,8,'56, 5-A Cenacle Dr., Culiat, Quezon City ','ttrinidad@xpeditellc.com','$2y$10$fCOiMky4n5hCJx3cpsG20Od4wHtlkCLKmO6VLobJNRIg9ooHTkgjK'),
    (65,'MNL019066','SAMONTE','ROBERT','2019-06-13',4,8,'407 Lalllana St. Tondo,Manila','rsamonte@xpeditellc.com','$2y$10$fCOiMky4n5hCJx3cpsG20Od4wHtlkCLKmO6VLobJNRIg9ooHTkgjK'),
    (66,'MNL019067','VELASQUEZ','ANA','2019-06-18',4,NULL,'1449 Anacleto St. Sta., Cruz. Manila','anna@arrivednow.com','$2y$10$fCOiMky4n5hCJx3cpsG20Od4wHtlkCLKmO6VLobJNRIg9ooHTkgjK'),
    (67,'MNL019068','MANDAP','ANDREW','2019-07-11',4,7,'1124 Batangas St. Tondo, Manila','amandap@xpeditellc.com','$2y$10$fCOiMky4n5hCJx3cpsG20Od4wHtlkCLKmO6VLobJNRIg9ooHTkgjK'),
    (68,'MNL019069','LOMOYA','MARC CHRISTIAN','2019-09-17',4,19,'38 Lirio St., Tahanan Village, Paranaque City','marc@arrivednow.com','$2y$10$fCOiMky4n5hCJx3cpsG20Od4wHtlkCLKmO6VLobJNRIg9ooHTkgjK'),
    (69,'MNL019070','LAYSON','ELIGIO','2019-10-21',3,16,NULL,'elayson@xpeditellc.com','$2y$10$fCOiMky4n5hCJx3cpsG20Od4wHtlkCLKmO6VLobJNRIg9ooHTkgjK'),
    (70,'MNL019071','VILORIA','RODERICK','2019-10-21',3,16,NULL,'rviloria@xpeditellc.com','$2y$10$fCOiMky4n5hCJx3cpsG20Od4wHtlkCLKmO6VLobJNRIg9ooHTkgjK'),
    (71,'MNL019072','SANCHEZ','NOELSON','2019-12-03',4,9,'B1 L6B CORDILLERA ST. COUNTRY HOMES','nsanchez@expeditellc.com','$2y$10$fCOiMky4n5hCJx3cpsG20Od4wHtlkCLKmO6VLobJNRIg9ooHTkgjK'),
    (72,'MNL020073','LAPIRA','ARIANNE','2020-01-21',4,8,NULL,'alapira@xpeditellc.com','$2y$10$fCOiMky4n5hCJx3cpsG20Od4wHtlkCLKmO6VLobJNRIg9ooHTkgjK'),
    (73,'MNL020074','DIZON','SAMANTHA ANN','2020-01-21',4,8,NULL,'sdizon@xpeditellc.com','$2y$10$fCOiMky4n5hCJx3cpsG20Od4wHtlkCLKmO6VLobJNRIg9ooHTkgjK'),
    (74,'MNL020075','GASACAO','JAN THEA BERNICE','2020-01-21',4,8,NULL,'jgasacao@xpeditellc.com','$2y$10$fCOiMky4n5hCJx3cpsG20Od4wHtlkCLKmO6VLobJNRIg9ooHTkgjK'),
    (75,'MNL020076','SAN JOSE','EROS MIL','2020-02-04',4,8,NULL,'esanjose@xpeditellc.com​','$2y$10$fCOiMky4n5hCJx3cpsG20Od4wHtlkCLKmO6VLobJNRIg9ooHTkgjK'),
    (76,'MNL020077','FELIX','MA. KRISTINA NICOLE','2020-02-04',4,8,NULL,'mfelix@xpeditellc.com​','$2y$10$fCOiMky4n5hCJx3cpsG20Od4wHtlkCLKmO6VLobJNRIg9ooHTkgjK'),
    (77,'MNL020078','ORQUILLAS','JESSICA CHRISTINE','2020-02-11',4,8,NULL,'jorquillas@xpeditellc.com','$2y$10$fCOiMky4n5hCJx3cpsG20Od4wHtlkCLKmO6VLobJNRIg9ooHTkgjK'),
    (78,'MNL020079','DE GUZMAN','STEVEN VINCENT','2020-02-11',4,8,NULL,'sdeguzman@xpeditellc.com','$2y$10$fCOiMky4n5hCJx3cpsG20Od4wHtlkCLKmO6VLobJNRIg9ooHTkgjK'),
    (79,'MNL020080','SAN AGUSTIN','MARIA RHEANA','2020-02-21',4,8,NULL,'msanagustin@xpeditellc.com','$2y$10$fCOiMky4n5hCJx3cpsG20Od4wHtlkCLKmO6VLobJNRIg9ooHTkgjK');
